text,label,domain,register,note
오늘 점심 뭐 먹지... 어제 김치찌개 먹었는데 딴 거 먹고싶다 ㅋㅋ,0,General,casual,일상 잡담
야 오늘 회의 몇시야? 까먹었어 ㅠㅠ,0,General,casual,"업무 일정 문의, 캐주얼"
주말에 등산 갈 사람 있어? 날씨 넘 좋을 듯,0,General,casual,사적 약속
이번 워크샵 어디로 가는지 아는 사람?,0,General,casual,행사 문의
커피 사올까요? 아아 vs 뜨아 골라주세요,0,General,casual,사내 잡담
퇴근하고 치맥 콜?,0,General,casual,사적 약속
오늘따라 왜케 졸리지 ㅋㅋㅋ 커피 필요해,0,General,casual,일상 잡담
다음주 회식 장소 정해졌나요?? 궁금해요,0,General,casual,행사 문의
누가 프린터 토너 좀 갈아줘 ㅠㅠ 계속 흐리게 나옴,0,General,casual,사무실 잡무
주차장 자리 없어서 늦었어요 죄송합니다,0,General,casual,일상 보고
오늘 미세먼지 실화냐 목아파 ㅠㅠ,0,General,casual,일상 잡담
점심시간에 은행 좀 다녀와도 될까요?,0,HR,casual,사적 용무
신입 환영회 몇시부터야? 나 좀 늦을듯,0,HR,casual,행사 잡담
이번에 새로 온 인턴 되게 성실하더라,0,HR,casual,"동료 평가, 캐주얼"
복지포인트 아직 안 썼는데 어디다 써야하지,0,HR,casual,사내 복지 문의
거래처 사람들이랑 저녁 뭐 먹지 고민중,0,Sales,casual,일상 잡담
영업팀 단톡에 회식 사진 올라온거 봤어?,0,Sales,casual,사내 잡담
이번 전시회 부스 위치 좋더라 사람 많던데,0,Sales,casual,"행사 후기, 공개정보"
신제품 광고 봤어? 완전 잘나왔더라,0,Sales,casual,이미 공개된 마케팅
연구실 에어컨 고장났대 덥겠다 ㅠㅠ,0,RnD,casual,사무실 잡담
이번 학회 발표 자료 다 만들었어? 나는 반절밖에 못함,0,RnD,casual,공개 학회 발표 준비
야 이거 진짜 비밀인데.. 담달에 팀 절반 짜른대 ㄷㄷ,1,HR,casual,"미공개 구조조정, 구어체 유출"
쉿 소문내지마 근데 부장님 이번에 스톡옵션 5천 받았대,1,HR,casual,"미공개 개인 보상, 구어체"
우리 이번에 A사 인수한다는거 진짜임? 극비라던데,1,Sales,casual,"M&A 루머, 구어체"
야 이번 신제품 가격 나만 알아? 개당 만2천원으로 확정났대,1,Sales,casual,"미공개 단가, 구어체"
이거 아직 발표 안 났는데 우리 이번 분기 적자래... 큰일났다,1,General,casual,"미공개 실적, 구어체"
그 신소재 배합비 나만 알고있음 ㅋㅋ 리튬 62프로래,1,RnD,casual,"핵심 기술 수치, 구어체"
쉿 임원진 회의에서 CFO 짜른다는 얘기 나왔대,1,HR,casual,"미공개 임원 거취, 구어체"
야 이번 계약 단가 나만 봤는데 완전 후려친 가격이더라,1,Sales,casual,"미공개 계약조건, 구어체"
우리 회사 이번에 대규모 감원설 진짜인듯.. 나만 알고있으래,1,HR,casual,"미공개 구조조정, 구어체"
그 특허 출원 날짜 다음주 화요일이래 절대 말하지마,1,RnD,casual,"출원 전 일정, 구어체"
팀장님이 나한테만 살짝 말해줬는데 이번 승진자 명단에 내가 없대ㅠ,1,HR,casual,"미발표 인사, 구어체"
영업팀 애가 그러는데 이번 입찰 우리 최저가가 180억이래 절대 새면 안됨,1,Sales,casual,"입찰 전략, 구어체"
연구소 내부에서만 도는 얘긴데 신약 임상에서 부작용 나왔대,1,RnD,casual,"미공개 임상 이슈, 구어체"
이거 완전 비밀인데 우리 대표님 다음달에 사임한대,1,HR,casual,"미공개 경영진 거취, 구어체"
아 맞다 그거 절대 말하면 안되는데 고객사 계약 해지된대 다음주부터,1,Sales,casual,"미공개 계약해지, 구어체"
야 이거 톡으로 말하기 좀 그런데... 우리 팀 이번에 다른 부서랑 합쳐진대,1,HR,casual,"미발표 조직개편, 구어체"
친구가 그 회사 다니는데 자기네 이번에 상장 앞두고 실적 조작 있었다더라,1,General,casual,"미확인 내부 민감정보, 구어체"
이거 나만 아는건데 신제품 코드네임이 삭제될 예정이래 문제 생겼나봐,1,RnD,casual,"미공개 프로젝트 이슈, 구어체"
그 협력사랑 계약 파기 얘기 나온거 절대 밖으로 새면 안된대,1,Sales,casual,"미공개 계약 분쟁, 구어체"
