text,label
"2026년 하반기 조직개편(코드네임: Falcon)에 따라 마케팅본부 인원의 30%가 감축 대상으로 내부 검토되었습니다.",1
"핵심인재(S등급) 리텐션을 위해 이OO 부장 외 4명에게 1인당 5천만 원 상당의 특별 스톡옵션을 배정하기로 결정했습니다.",1
"2026년도 C-Level 임원 연봉 계약 테이블: 대표이사 기본급 4.2억, 성과급 최대 200% 별도 지급 예정입니다.",1
"[인사팀 내부 공유] 하반기 저성과자(C등급 2회 연속) 명단이며, 12월 권고사직 대상자 선정에 활용될 예정입니다.",1
"영업3팀 김OO 팀장의 성희롱 관련 징계위원회 회부 건으로, 감사 결과 보고서를 첨부하니 열람 후 즉시 폐기 바랍니다.",1
"차기 CFO 후보군 3인에 대한 평판조회 및 배경조사 결과이며, 이사회 상정 전까지 절대 외부 발설을 금합니다.",1
"임원 A는 개인 사유로 3월 자진 사임 예정이며, 후임 인선까지 공식 발표는 보류하기로 합의했습니다.",1
"올해 명예퇴직 대상 만 50세 이상 직원 리스트로, 부서장 면담용이니 본인 확인 전까지 반출 금지입니다.",1
"신임 임원 승진 대상자 8인의 평가 점수 및 순위표이며, 최종 발표 전까지 대외비로 관리 바랍니다.",1
"노조 임단협 관련 회사 측 최종 마지노선(임금 인상률 3.2%)이 담긴 협상 전략 문건입니다.",1
"핵심 개발 인력 3명의 경쟁사 이직 시도 정황이 포착되어, 긴급 리텐션 면담 및 연봉 재협상안을 마련했습니다.",1
"2026년 성과급 지급률 차등안: 임원 400%, 팀장급 250%, 팀원 150%로 잠정 확정되었습니다.",1
"신규 조직개편 시 R&D센터장 교체가 유력하며, 후임으로 내부 인사 2명이 최종 검토 중입니다.",1
"인사평가 하위 5% 대상자에 대한 PIP(성과개선프로그램) 강제 배치 계획으로, 당사자 통보 전까지 보안 유지 바랍니다.",1
"경영지원본부 감축 관련, 계약직 12명 계약 미연장 및 정규직 3명 타부서 재배치안입니다.",1
"[메신저] 부장님, 그 건은 아직 발표 전이라 팀원들한테 말씀하시면 안 돼요. 명단에 김대리도 포함되어 있어서요.",1
"차기 대표이사 내정자에 대한 이사회 비공개 투표 결과이며, 공식 선임 전까지 함구 부탁드립니다.",1
"올해 신입 공채 합격자 중 특별전형(임원 추천) 대상 3명의 명단과 추천 사유서입니다.",1
"영업본부 매출 하위 3개 지점 폐쇄 및 인력 재배치 계획으로, 지점장 통보 전까지 절대 보안입니다.",1
"임원진 골프 회원권 및 법인카드 한도 상향 관련 감사 지적사항 처리 결과 보고입니다.",1
"핵심 기술 보유자 퇴사 시 경쟁금지 조항 위반 소송 검토 내부 법률 자문 결과입니다.",1
"2026년 임원 인센티브 별도 재원 20억 원 편성안이며, 이사회 승인 전까지 비공개입니다.",1
"[임원 이메일] 이번 구조조정으로 발생하는 희망퇴직 위로금은 예산 대비 15% 축소 조정할 예정입니다. 대외 발표 전까지 보안 유지 바랍니다.",1
"채용 예정인 신임 CTO의 전 직장 연봉 및 협상 조건(스톡옵션 2%) 상세 내역입니다.",1
"고성과자 이탈 방지를 위한 비공개 특별 보너스 지급 대상자 명단(총 7명)입니다.",1
"타사 인수합병(M&A) 관련 핵심 인력 이중 계약(Dual Contract) 검토 문건으로 극비 보안 유지 바랍니다.",1
"직장 내 괴롭힘 신고 접수 3건에 대한 조사 진행 상황 및 가해자 잠정 조치 방안입니다.",1
"내년도 임원 정원 20% 축소안 및 대상 직급별 명단 초안입니다.",1
"핵심 연구인력 5명에 대한 경쟁사 스카우트 제의 동향 파악 보고서이며, 외부 유출 시 법적 조치 대상입니다.",1
"인사팀장 교체 관련, 현 팀장의 비위행위 조사 결과 및 후속 조치안입니다.",1
"이번 주 금요일 오후 2시에 신규 입사자들을 위한 사옥 투어와 환영 다과회가 예정되어 있습니다.",0
"하반기 정기 건강검진 일정 안내드립니다. 본인 편한 날짜로 사내 인트라넷에서 예약해 주세요.",0
"2026년 신입/경력 공채 채용공고가 회사 홈페이지에 게시되었으니 많은 지원 부탁드립니다.",0
"이번 달 생일자 축하 케이크는 1층 라운지에서 오후 4시에 전달드릴 예정입니다.",0
"사내 동호회(등산, 볼링, 독서모임) 신규 회원을 모집합니다. 관심 있는 분들은 신청서를 제출해 주세요.",0
"다음 주 화요일 전사 정기 워크숍은 강원도 리조트에서 1박 2일로 진행됩니다.",0
"복리후생 제도 중 자기계발비 신청 기간이 이번 주까지이니 잊지 말고 신청 바랍니다.",0
"신규 입사자 오리엔테이션은 매주 월요일 오전 9시 대회의실에서 진행됩니다.",0
"이번 분기 우수사원 시상식은 다음 달 첫째 주 금요일 전사 미팅에서 진행될 예정입니다.",0
"사내 어린이집 정원 확대 관련 설문조사에 참여해 주시면 감사하겠습니다.",0
"부서 회식 장소는 강남역 인근 이탈리안 레스토랑으로 예약했습니다. 참석 여부 회신 부탁드립니다.",0
"연말정산 서류 제출 기한이 다가오니 인사 포털에서 미리 준비해 주시기 바랍니다.",0
"사내 헬스장 이용 시간이 평일 오전 6시부터 오후 10시까지로 연장됩니다.",0
"주간 팀 회의는 매주 수요일 오전 10시 3층 회의실에서 정기적으로 진행됩니다.",0
"올해 창립기념일 행사로 전 직원 대상 사진 콘테스트를 진행하니 많은 참여 바랍니다.",0
"신입사원 멘토링 프로그램 참여 신청서 접수를 이번 주까지 받고 있습니다.",0
"사옥 주차장 공사로 인해 이번 주 방문객 주차는 지하 2층을 이용해 주시기 바랍니다.",0
"명절을 맞아 전 직원께 선물세트가 배송될 예정이니 주소를 다시 한번 확인해 주세요.",0
"[메신저] 오늘 점심에 신규 오픈한 회사 근처 식당 가보실 분 있나요? 다 같이 가면 좋을 것 같아요.",0
"사내 어학교육 프로그램(영어, 중국어) 2026년 하반기 수강생을 모집합니다.",0
"이번 주 금요일은 전사 재택근무일이니 각자 온라인 미팅 링크를 확인해 주세요.",0
"신규 사내 카페테리아 오픈 기념 이벤트로 아메리카노를 무료로 제공합니다.",0
"직원 자녀 학자금 지원 신청 기간 및 필요 서류 안내드립니다.",0
"이번 달 사내 소식지에 실릴 부서별 근황 사진을 이번 주까지 제출해 주세요.",0
"신규 복지몰 오픈으로 다양한 제휴 할인 혜택을 이용하실 수 있습니다.",0
"전 직원 대상 소방안전 교육이 다음 주 목요일 오후 3시에 진행됩니다.",0
"사내 재활용 분리수거 캠페인 참여를 독려하며, 우수 부서에는 소정의 상품을 드립니다.",0
"이번 여름 휴가 신청은 부서장 승인 후 인사 시스템에 등록해 주시기 바랍니다.",0
"신규 프린터 및 복합기 사용법 안내 교육을 다음 주 화요일에 실시합니다.",0
"사내 게시판에 분실물 안내가 등록되었으니 확인 부탁드립니다.",0
"올해 하반기 우수 팀 워크숍 장소 후보 설문조사를 진행하고 있으니 참여 바랍니다.",0
"A전자向 반도체 부품 납품 단가는 개당 12,400원으로, 경쟁사 대비 8% 낮게 책정하여 최종 협상안을 확정했습니다.",1
"3분기 미공개 수주 잔고는 총 2조 1천억 원 규모이며, B건설 프로젝트가 전체의 40%를 차지합니다.",1
"핵심 거래처 리스트(상위 20개사) 및 각 사별 연간 거래 규모, 담당 영업 대표 연락처입니다.",1
"C사와의 지분 스왑 비율은 3.2 대 1로 잠정 합의되었으며, 이사회 승인 전까지 절대 보안입니다.",1
"경쟁사 D사의 최근 입찰 단가 정보를 입수했으며, 이를 바탕으로 당사 견적을 5% 하향 조정할 예정입니다.",1
"[임원 이메일] E그룹 M&A 관련 실사(Due Diligence) 초안이며, 발표 전까지 외부 유출 시 계약 무효 조항이 있습니다.",1
"올해 최대 고객사 F사와의 재계약 조건 협상안: 단가 3% 인상 대신 물량 15% 확대로 절충하기로 했습니다.",1
"신규 대형 고객사 G사 수주를 위해 마진율을 업계 최저 수준인 4.5%까지 낮춰 제안하기로 결정했습니다.",1
"올해 하반기 예상 매출 목표 미달 시 비상경영 시나리오 및 원가 절감 방안 내부 검토안입니다.",1
"[메신저] 팀장님, H사 계약 건 아직 사인 전이라 다른 영업팀에는 말씀하시면 안 됩니다.",1
"I사向 특수 소재 공급계약 단가표이며, 타 고객사 대비 20% 낮은 특별 조건이라 절대 비공개입니다.",1
"경쟁사 J사가 파산 직전이라는 미공개 정보를 입수하여, 해당 고객사 이탈 방지 전략을 수립했습니다.",1
"내년도 수주 목표 대비 현재 진행률은 62%로, 미달 시 영업본부장 문책 가능성이 내부적으로 언급되고 있습니다.",1
"K사와의 장기공급계약(5년, 총 800억 규모) 최종 협상 마지노선 단가입니다.",1
"신규 해외 진출 관련 L국 현지 파트너사 인수 검토 보고서이며, 상장사 공시 전까지 극비입니다.",1
"주요 거래처 M사의 재무 리스크 평가 결과, 매출채권 회수 지연 우려로 거래 축소를 검토 중입니다.",1
"이번 입찰 건 최저 입찰가 마지노선은 187억 원이며, 이 금액 이하로는 절대 양보 불가합니다.",1
"[결재 보고] N사 대형 계약 해지 위약금 협상안이며, 언론 노출 시 주가에 영향을 줄 수 있어 보안 유지 바랍니다.",1
"핵심 영업대표 3인의 경쟁사 이직 시도 정황이 포착되어, 담당 고객사 인수인계 리스크를 검토 중입니다.",1
"O사 납품 단가 재협상 결렬 시 대체 공급망 확보 방안 및 예상 손실액 추정치입니다.",1
"신규 M&A 대상 기업 P사의 기업가치 평가(Valuation) 결과 및 인수 희망가입니다.",1
"이번 분기 최대 고객사 이탈 리스크 보고서: Q사 계약 갱신 실패 시 매출 12% 감소 예상됩니다.",1
"타사와의 컨소시엄 구성 시 지분율 배분안이며, 최종 서명 전까지 대외비로 관리 바랍니다.",1
"R사向 독점 공급계약 조건(리베이트 3% 별도 지급 포함) 상세 내역입니다.",1
"올해 영업 실적 하위 고객사 리스트 및 거래 축소·중단 검토 대상 명단입니다.",1
"[임원 메신저] S사 인수 관련 소문이 돌면 절대 안 되니, 실사팀 외에는 함구해 주세요.",1
"핵심 대형 고객사 T사의 담당 임원 교체 정보를 입수, 관계 유지 전략을 긴급 수립했습니다.",1
"신규 프로젝트 수주를 위한 컨소시엄 파트너사 선정 기준 및 내부 평가 점수표입니다.",1
"경쟁 입찰에서 낙찰받기 위한 최종 원가 마진 압박 전략(마진율 2%대 진입) 검토안입니다.",1
"U사 계약 관련 리베이트 지급 내역 및 향후 재발 방지를 위한 내부 감사 결과 보고서입니다.",1
"이번 주 금요일 오후 2시, 신규 협력사 대상 회사 소개 및 시설 견학이 예정되어 있습니다.",0
"영업팀 신입사원 환영 회식은 다음 주 화요일 저녁 강남역 인근 식당으로 예약했습니다.",0
"2026년 하반기 영업 전략 워크숍은 강원도 리조트에서 1박 2일로 진행됩니다.",0
"당사는 이번 ESG 경영 강화의 일환으로 친환경 패키징 도입을 전면 확대한다고 공식 발표했습니다.",0
"신규 대리점 모집 공고가 홈페이지에 게시되었으니 관심 있는 분들의 많은 지원 바랍니다.",0
"이번 분기 영업이익은 시장 컨센서스에 부합하는 수준을 기록했다고 회사 측이 밝혔습니다.",0
"주간 영업 회의는 매주 월요일 오전 9시 3층 대회의실에서 정기적으로 진행됩니다.",0
"신제품 출시 기념 프로모션 안내문이 공식 홈페이지와 SNS 채널에 게시되었습니다.",0
"영업팀 우수사원 시상식은 다음 달 첫째 주 금요일 전사 미팅에서 진행될 예정입니다.",0
"고객 만족도 조사 설문에 참여해 주신 분들께 소정의 상품권을 드립니다.",0
"당사는 신규 반도체 생산라인 증설을 위한 투자 계획을 공식 보도자료로 발표했습니다.",0
"이번 주 영업본부 전체 회식 장소는 역삼동 고깃집으로 예약했으니 참석 여부 회신 바랍니다.",0
"신규 파트너사와의 업무협약(MOU) 체결식이 다음 주 목요일 본사에서 진행됩니다.",0
"영업사원 대상 신제품 교육 세미나가 다음 주 수요일 오후 2시에 진행됩니다.",0
"회사는 주주가치 제고를 위해 배당 정책을 검토 중이라고 공식적으로 밝혔습니다.",0
"고객 상담센터 운영시간이 평일 오전 9시부터 오후 6시까지로 안내드립니다.",0
"영업팀 분기 워크숍 사진 콘테스트 참여를 독려하며 우수작에는 상품을 드립니다.",0
"신규 CRM 시스템 사용법 안내 교육이 다음 주 화요일 전 영업사원 대상으로 진행됩니다.",0
"당사 신제품 라인업이 이번 산업 박람회에서 공개될 예정이며, 많은 관심 부탁드립니다.",0
"영업팀 신규 입사자 오리엔테이션은 매주 월요일 오전 대회의실에서 진행됩니다.",0
"고객사 대상 정기 뉴스레터가 이번 주 발송될 예정이니 참고 부탁드립니다.",0
"이번 분기 우수 대리점 시상식 후보 추천을 이번 주까지 받고 있습니다.",0
"영업 관리 시스템 정기 점검으로 이번 주 토요일 새벽 서비스가 일시 중단됩니다.",0
"신규 온라인 스토어 오픈 기념 할인 이벤트가 다음 주부터 진행됩니다.",0
"영업팀 자기계발비 신청 기간이 이번 주까지이니 신청 바랍니다.",0
"고객사 방문 시 활용할 회사 소개 브로슈어 최신본이 사내 인트라넷에 업데이트되었습니다.",0
"이번 달 영업팀 생일자 축하 케이크는 오후 4시 라운지에서 전달드릴 예정입니다.",0
"신규 영업 지원 인턴 채용 공고가 홈페이지에 게시되었습니다.",0
"영업본부 워크숍 장소 후보 설문조사를 진행 중이니 많은 참여 바랍니다.",0
"당사 대표 상품 판매량이 전년 대비 증가했다는 내용이 업계지에 소개되었습니다.",0
"차세대 전고체 배터리 핵심 소재 배합 비율(리튬 62%, 실리콘 23%, 첨가제 15%) 및 수율 테스트 결과입니다.",1
"프로젝트명 Titan-X 설계 도면 최신본이며, 특허 출원 전까지 형상 관련 세부 치수는 절대 반출 금지입니다.",1
"신규 반도체 공정 수율을 기존 대비 12% 개선한 핵심 레시피이며, 경쟁사 유출 시 심각한 타격이 예상됩니다.",1
"[임원 이메일] 이번 신소재 특허 출원 일정은 3월 15일이며, 그 전까지 관련 데이터는 절대 외부 공유 금지입니다.",1
"차세대 디스플레이 패널의 발광 효율 개선 알고리즘 소스코드 및 테스트 결과 보고서입니다.",1
"핵심 연구인력 5명에 대한 경쟁사 스카우트 제의 동향 파악 보고서이며, 이탈 시 프로젝트 전면 중단 우려가 있습니다.",1
"신제품 리콜 관련 예상 비용은 최대 130억 원으로 R&D팀이 추정한 내부 문건입니다.",1
"[메신저] 연구원님, 그 촉매 배합 데이터는 특허 출원 전이라 다른 팀 공유 절대 안 됩니다.",1
"경쟁사 대비 30% 향상된 열전도율을 구현한 신소재 조성비 및 공정 조건 상세 데이터입니다.",1
"차기 AI 반도체 칩 설계 아키텍처 초안이며, 외부 유출 시 경쟁사에 기술 격차가 노출될 수 있습니다.",1
"신약 후보물질(코드명 SNT-227)의 임상 2상 중간 결과 데이터이며, 발표 전까지 극비로 관리 바랍니다.",1
"이번 분기 R&D 예산 중 실패한 프로젝트 3건에 대한 손실 처리 내역 및 책임 소재 보고서입니다.",1
"핵심 특허 3건에 대한 선행기술 조사 결과, 침해 리스크가 발견되어 긴급 회피설계 검토 중입니다.",1
"신규 배터리 셀 설계도 및 원가 구조(셀당 제조원가 4,200원) 상세 분석 자료입니다.",1
"연구소장 교체 관련, 현 소장의 연구비 부정 사용 의혹 감사 결과 보고서입니다.",1
"차세대 소재 개발팀의 미공개 수율 데이터이며, 목표치 대비 15% 미달로 임원 보고 전까지 보안 유지 바랍니다.",1
"타사 특허 회피를 위한 대체 공정 기술 검토안이며, 법무팀 검토 전까지 절대 외부 유출 금지입니다.",1
"신규 소재 개발 프로젝트 참여 핵심 연구원 명단 및 각자의 담당 기술 영역 리스트입니다.",1
"[결재 보고] 이번 신기술 관련 정부 R&D 과제 선정 결과이며, 공식 발표 전까지 대외비입니다.",1
"차세대 센서 모듈의 정밀도 테스트 결과가 목표치에 미달하여, 출시 일정 연기를 내부 검토 중입니다.",1
"신소재 양산 공정에서 발생한 불량률 데이터 및 원인 분석 보고서로, 고객사 공개 전까지 보안 필요합니다.",1
"경쟁사 특허 출원 동향 분석 결과, 유사 기술 선점 리스크가 있어 긴급 출원 일정을 앞당기기로 했습니다.",1
"핵심 기술 보유 연구원의 퇴사 시 경쟁금지 조항 위반 소지에 대한 법률 자문 결과입니다.",1
"신규 촉매 반응 공정의 최적 온도(287도) 및 압력 조건 데이터로, 특허 명세서 초안에 포함될 내용입니다.",1
"차세대 자율주행 알고리즘의 사고 회피 로직 소스코드 및 테스트 시나리오 결과입니다.",1
"연구개발본부 조직개편안이며, 특정 랩(Lab) 통폐합 및 인력 재배치 계획이 포함되어 있습니다.",1
"신소재 배합 실험 중 발생한 안전사고 보고서 및 재발 방지 대책이며, 언론 노출 시 이미지 타격이 우려됩니다.",1
"타사와의 공동연구 계약서 초안이며, 지식재산권 배분 비율(당사 65%, 상대사 35%)이 포함되어 있습니다.",1
"신규 배터리 소재의 화재 안전성 테스트 결과, 일부 조건에서 리스크가 발견되어 긴급 대책 회의를 소집했습니다.",1
"핵심 설계 도면의 워터마크 무단 제거 시도가 감지되어 내부 보안팀이 조사 중입니다.",1
"차세대 칩셋의 미공개 벤치마크 성능 데이터이며, 발표 컨퍼런스 전까지 절대 보안입니다.",1
"이번 주 금요일 오후 2시, 신규 입사 연구원들을 위한 실험실 안전교육이 예정되어 있습니다.",0
"R&D본부 워크숍은 다음 주 화요일부터 1박 2일로 강원도 연구단지에서 진행됩니다.",0
"당사는 이번 학술대회에서 신소재 연구 논문을 공식 발표할 예정이라고 밝혔습니다.",0
"신규 연구장비 사용법 안내 교육이 다음 주 수요일 오후 2시에 진행됩니다.",0
"연구소 회식 장소는 대전 인근 삼겹살집으로 예약했으니 참석 여부 회신 바랍니다.",0
"올해 우수 연구원 시상식은 다음 달 첫째 주 금요일 전사 미팅에서 진행될 예정입니다.",0
"신입 연구원 채용 공고가 회사 홈페이지에 게시되었으니 많은 지원 바랍니다.",0
"연구소 내 커피머신 정기 점검으로 이번 주 화요일 오전 이용이 제한됩니다.",0
"당사는 산학협력 프로그램을 통해 지역 대학과 공동 세미나를 개최한다고 발표했습니다.",0
"주간 연구 진행 회의는 매주 목요일 오전 10시 세미나실에서 정기적으로 진행됩니다.",0
"연구소 안전교육 이수증은 인사포털에서 개별적으로 발급받으실 수 있습니다.",0
"이번 학술지에 게재된 당사 논문이 우수 논문상을 수상했다는 소식을 전해드립니다.",0
"신규 실험실 배치 관련 좌석 배정 안내이니 각자 확인 부탁드립니다.",0
"연구원 대상 특허 기초 교육 세미나가 다음 주 목요일 오후에 진행됩니다.",0
"당사는 친환경 연구개발 투자 확대 계획을 공식 보도자료로 발표했습니다.",0
"연구소 정기 소방안전 점검이 다음 주 월요일 오전에 진행될 예정입니다.",0
"신규 논문 작성 가이드라인이 사내 인트라넷에 업데이트되었으니 참고 바랍니다.",0
"연구원 자기계발비 신청 기간이 이번 주까지이니 잊지 말고 신청 바랍니다.",0
"이번 분기 우수 연구팀 워크숍 장소 후보 설문조사를 진행하고 있습니다.",0
"연구소 구내식당 메뉴가 이번 주부터 새롭게 리뉴얼됩니다.",0
"신규 입사 연구원 오리엔테이션은 매주 월요일 오전 대회의실에서 진행됩니다.",0
"당사 연구팀이 참여한 국제 학술대회 참가 후기가 사내 뉴스레터에 게재되었습니다.",0
"연구소 도서관 신규 도서 목록이 업데이트되었으니 참고하시기 바랍니다.",0
"이번 달 연구소 생일자 축하 케이크는 오후 4시 라운지에서 전달드릴 예정입니다.",0
"연구장비 예약 시스템 정기 점검으로 이번 주 토요일 새벽 서비스가 일시 중단됩니다.",0
"신규 협력 연구기관과의 업무협약(MOU) 체결식이 다음 주 목요일 진행됩니다.",0
"연구소 동호회(등산, 사진, 독서모임) 신규 회원을 모집합니다.",0
"당사 연구원이 특허청 주관 발명 경진대회에서 우수상을 수상했습니다.",0
"연구소 주차장 공사로 인해 이번 주 방문객 주차는 별도 안내 바랍니다.",0
"신규 실험 데이터 관리 시스템 사용 매뉴얼이 배포되었으니 숙지 바랍니다.",0
"연구소 창립기념일 행사로 전 직원 대상 사진 콘테스트를 진행합니다.",0
